Br,,brain,,,,,,,,,,,,,,,,,
F,,,forebrain (prosencephalon),,,,,,,,,,,,,,,,
FGM,,,,gray matter of forebrain,,,,,,,,,,,,,,,
Tel,,,,,telencephalon,,,,,,,,,,,,,,
Cx,,,,,,cerebral cortex,,,,,,,,,,,,,
NCx,,,,,,,neocortex (isocortex),,,,,,,,,,,,
FCx,,,,,,,,frontal neocortex,,,,,,,,,,,
PFC,,,,,,,,,prefrontal cortex,,,,,,,,,,
A10,,,,,,,,,,frontal polar cortex (area 10),,,,,,,,,
A10m,,,,,,,,,,,medial subdivision of area 10,,,,,,,,
A10l,,,,,,,,,,,lateral subdivision of area 10,,,,,,,,
A10o,,,,,,,,,,,orbital subdivision of area 10,,,,,,,,
DFC,,,,,,,,,,dorsolateral prefrontal cortex,,,,,,,,,
A8,,,,,,,,,,,"caudal portion of DFC (area 8, area FC)",,,,,,,,
A8ld,,,,,,,,,,,,laterodorsal subdivision of area 8,,,,,,,
A8lv,,,,,,,,,,,,lateroventral subdivision of area 8,,,,,,,
A8m,,,,,,,,,,,,medial subdivision of area 8,,,,,,,
A9,,,,,,,,,,,rostrodorsal portion of DFC (area 9),,,,,,,,
A9l,,,,,,,,,,,,lateral subdivision of area 9,,,,,,,
A9m,,,,,,,,,,,,medial subdivision of area 9,,,,,,,
A9/46,,,,,,,,,,,intermediate portion of DFC (area 9/46),,,,,,,,
A9/46d,,,,,,,,,,,,dorsal subdivision of A9/46,,,,,,,
A9/46v,,,,,,,,,,,,ventral subdivision of A9/46,,,,,,,
A46,,,,,,,,,,,rostroventral portion of DFC (area 46),,,,,,,,
A46d,,,,,,,,,,,,dorsal subdivision of area 46,,,,,,,
A46v,,,,,,,,,,,,ventral subdivision of area 46,,,,,,,
VFC,,,,,,,,,,ventrolateral prefrontal cortex (Broca's area for left side),,,,,,,,,
A44,,,,,,,,,,,caudal portion of VFC (area 44),,,,,,,,
A44d,,,,,,,,,,,,dorsal subdivision of area 44,,,,,,,
A44v,,,,,,,,,,,,ventral subdivision of area 44,,,,,,,
A44op,,,,,,,,,,,,opercular subdivision of area 44,,,,,,,
A45,,,,,,,,,,,rostral portion of VFC (area 45),,,,,,,,
A45r,,,,,,,,,,,,rostral subdivision of A45,,,,,,,
A45c,,,,,,,,,,,,caudal subdivision of A45,,,,,,,
A45op,,,,,,,,,,,,opercular subdivision of A45,,,,,,,
OFC,,,,,,,,,orbital frontal cortex,,,,,,,,,,
OFCm,,,,,,,,,,medial orbital frontal cortex (area 14),,,,,,,,,
A14r,,,,,,,,,,,rostral subdivision of area 14,,,,,,,,
A14c,,,,,,,,,,,caudal subdivision of area 14,,,,,,,,
OFCi,,,,,,,,,,intermediate orbital frontal cortex,,,,,,,,,
A11,,,,,,,,,,,rostral division of OFCi (area 11),,,,,,,,
A11m,,,,,,,,,,,,medial subdivision of area 11,,,,,,,
A11l,,,,,,,,,,,,lateral subdivision of area 11,,,,,,,
A13,,,,,,,,,,,caudal division of OFCi (area 13),,,,,,,,
A13m,,,,,,,,,,,,medial subdivision of area 13,,,,,,,
A13l,,,,,,,,,,,,lateral subdivision of area 13,,,,,,,
OFCl,,,,,,,,,,lateral orbital frontal cortex (area 12/47),,,,,,,,,
A12/47m,,,,,,,,,,,medial subdivision of area 12/47,,,,,,,,
A12/47l,,,,,,,,,,,lateral subdivision of area 12/47,,,,,,,,
PoFC,,,,,,,,,posterior frontal cortex (motor cortex),,,,,,,,,,
M1C (A4),,,,,,,,,,"primary motor cortex (area M1, area 4, area FA)",,,,,,,,,
PMC,,,,,,,,,,"premotor cortex (area 6, area FB)",,,,,,,,,
A6ld,,,,,,,,,,,laterodorsal subdivision of area 6,,,,,,,,
A6lv,,,,,,,,,,,lateroventral subdivision of area 6,,,,,,,,
A6m,,,,,,,,,,,medial subdivision of area 6 (area MII),,,,,,,,
A6/32,,,,,,,,,,area 6/32,,,,,,,,,
PCx,,,,,,,,parietal neocortex,,,,,,,,,,,
"S1C (A3,1,2)",,,,,,,,,"primary somatosensory cortex (area S1, areas 3,1,2)",,,,,,,,,,
ScC (A43),,,,,,,,,"subcentral cortex (gustatory cortex, area 43)",,,,,,,,,,
PoPC,,,,,,,,,posterior parietal cortex,,,,,,,,,,
SPC,,,,,,,,,,posterodorsal (superior) parietal cortex,,,,,,,,,
A5,,,,,,,,,,,rostral division of SPC (area 5),,,,,,,,
A5ci,,,,,,,,,,,,cingulate subdivision of area 5,,,,,,,
A5l,,,,,,,,,,,,lateral subdivision of area 5,,,,,,,
A5m,,,,,,,,,,,,medial subdivision of area 5,,,,,,,
A7,,,,,,,,,,,"caudal division of SPC (area 7, area PE)",,,,,,,,
A7r,,,,,,,,,,,,rostral subdivision of area 7,,,,,,,
A7m,,,,,,,,,,,,medial subdivision of area 7,,,,,,,
A7c,,,,,,,,,,,,caudal subdivision of area 7,,,,,,,
A7pc,,,,,,,,,,,,postcentral subdivision of area 7,,,,,,,
A7ip,,,,,,,,,,,,intraparietal subdivision of area 7 (A7ip),,,,,,,
A7ipr,,,,,,,,,,,,,"area 7ip, rostral part (A7ipr)",,,,,,
A7ipc,,,,,,,,,,,,,"area 7ip, caudal part (A7ipc)",,,,,,
IPC,,,,,,,,,,posteroventral (inferior) parietal cortex,,,,,,,,,
A40,,,,,,,,,,,"rostral division of IPC (area 40, area PF)",,,,,,,,
A40rd,,,,,,,,,,,,rostrodorsal subdivision of area 40,,,,,,,
A40rv,,,,,,,,,,,,rostroventral subdivision of area 40,,,,,,,
A40in,,,,,,,,,,,,inferior subdivision of area 40,,,,,,,
A40/39,,,,,,,,,,,"intermediate division of IPC (area 40/39, area PFG)",,,,,,,,
A40/39r,,,,,,,,,,,,rostral subdivision of area 40/39,,,,,,,
A40/39c,,,,,,,,,,,,caudal subdivision of area 40/39,,,,,,,
A39,,,,,,,,,,,"caudal division of IPC (area 39, area PG)",,,,,,,,
A39r,,,,,,,,,,,,rostral subdivision of area 39,,,,,,,
A39c,,,,,,,,,,,,caudal subdivision of area 39,,,,,,,
RI,,,,,,,,,,,retroinsular cortex,,,,,,,,
TCx,,,,,,,,temporal neocortex,,,,,,,,,,,
DLTC,,,,,,,,,dorsolateral temporal neocortex,,,,,,,,,,
A1C,,,,,,,,,,primary auditory cortex (core),,,,,,,,,
A41,,,,,,,,,,,"main portion of A1C (area TC, area 41)",,,,,,,,
A1Cr,,,,,,,,,,,rostral portion of A1C,,,,,,,,
A42,,,,,,,,,,"secondary auditory cortex (belt, area 42, area TB)",,,,,,,,,
SLTC,,,,,,,,,,superolateral temporal cortex,,,,,,,,,
ASTC (A22r),,,,,,,,,,,anterior (rostral) superior temporal cortex (area 22r),,,,,,,,
ISTC (A22i),,,,,,,,,,,intermediate superior temporal cortex (area 22i),,,,,,,,
STC (A22c),,,,,,,,,,,posterior (caudal) superior temporal cortex (area 22c),,,,,,,,
PSTC (A22p),,,,,,,,,,polysensory temporal cortex (area 22p),,,,,,,,,
A22pr,,,,,,,,,,,rostral division of 22p (area 22pr),,,,,,,,
A22pi,,,,,,,,,,,intermediate division of 22p (area 22pi),,,,,,,,
A22pc,,,,,,,,,,,caudal division of 22p (area 22pc),,,,,,,,
PI,,,,,,,,,,parainsular cortex (area 52),,,,,,,,,
VLTC,,,,,,,,,ventrolateral temporal neocortex,,,,,,,,,,
MTC (A21),,,,,,,,,,"midlateral temporal cortex (area TEd, area 21)",,,,,,,,,
A21r,,,,,,,,,,,rostral subdivision of area 21,,,,,,,,
A21i,,,,,,,,,,,intermediate subdivision of area 21,,,,,,,,
A21c,,,,,,,,,,,caudal subdivision of area 21,,,,,,,,
ITC (A20),,,,,,,,,,"inferolateral temporal cortex (area TEv, area 20)",,,,,,,,,
A20r,,,,,,,,,,,rostral subdivision of area 20,,,,,,,,
A20i,,,,,,,,,,,intermediate subdivision of area 20,,,,,,,,
A20c,,,,,,,,,,,caudal subdivision of area 20,,,,,,,,
MITC,,,,,,,,,,midinferior (fusiform) temporal cortex,,,,,,,,,
A36,,,,,,,,,,,rostral division of MITC (area 36),,,,,,,,
A36r,,,,,,,,,,,,rostral subdivision of area 36,,,,,,,
A36c,,,,,,,,,,,,caudal subdivision of area 36,,,,,,,
TF,,,,,,,,,,,caudal division of MITC (area TF),,,,,,,,
PPHC,,,,,,,,,posterior parahippocampal cortex,,,,,,,,,,
TH,,,,,,,,,,medial division of PPHC (area TH),,,,,,,,,
TL,,,,,,,,,,lateral division of PPHC (area TL),,,,,,,,,
TFO,,,,,,,,,medial temporal-occipital cortex (area TFO),,,,,,,,,,
TFO-m,,,,,,,,,,"area TFO, medial part",,,,,,,,,
TFO-l,,,,,,,,,,"area TFO, lateral part (fusiform face area)",,,,,,,,,
A37,,,,,,,,,lateral temporal-occipital cortex (area 37),,,,,,,,,,
A38,,,,,,,,,"temporal polar cortex (area TG, area 38)",,,,,,,,,,
V5/MT,,,,,,,,,area V5 (mid temporal area),,,,,,,,,,
Ocx,,,,,,,,occipital neocortex,,,,,,,,,,,
Pro,,,,,,,,,area prostriata,,,,,,,,,,
V1C,,,,,,,,,"primary visual cortex (striate cortex, area V1/17, area OC)",,,,,,,,,,
ESOC,,,,,,,,,extrastriate occipital cortex,,,,,,,,,,
Vx,,,,,,,,,,area x of visual cortex,,,,,,,,,
V2 (A18),,,,,,,,,,"parastriate cortex (area V2, area 18, area OB)",,,,,,,,,
PSC (A19),,,,,,,,,,"peristriate cortex (area 19, area OA)",,,,,,,,,
V3,,,,,,,,,,,area V3 of peristriate cortex,,,,,,,,
VP,,,,,,,,,,,area VP (V3V) of peristriate cortex,,,,,,,,
V3A,,,,,,,,,,,area V3A of peristriate cortex,,,,,,,,
V4D,,,,,,,,,,,area V4D of peristriate cortex,,,,,,,,
V4,,,,,,,,,,,area V4 of peristriate cortex,,,,,,,,
V3B,,,,,,,,,,,area V3B of peristriate cortex,,,,,,,,
V6,,,,,,,,,,,area V6 of peristriate cortex,,,,,,,,
V6A/PO,,,,,,,,,,,area V6 of peristriate cortex (parieto-occipital area),,,,,,,,
V7,,,,,,,,,,,area V7 of peristriate cortex,,,,,,,,
LO,,,,,,,,,,,lateral occipital area,,,,,,,,
ICx,,,,,,,,insular neocortex,,,,,,,,,,,
Idg,,,,,,,,,dysgranular insular cortex,,,,,,,,,,
RIdg,,,,,,,,,,rostral dysgranular insular cortex,,,,,,,,,
CIdg,,,,,,,,,,caudal dysgranular insular cortex,,,,,,,,,
Ig,,,,,,,,,granular insular cortex,,,,,,,,,,
RIg,,,,,,,,,,rostral granular insular cortex,,,,,,,,,
CIg,,,,,,,,,,caudal granular insular cortex,,,,,,,,,
CCx,,,,,,,,cingulate neocortex,,,,,,,,,,,
MFC (ACC),,,,,,,,,anterior (rostral) cingulate cortex (ventromedial prefrontal cortex),,,,,,,,,,
A24,,,,,,,,,,"ventral division of MFC (area 24, area LA)",,,,,,,,,
A32,,,,,,,,,,dorsorostral division of MFC (area 32),,,,,,,,,
A25,,,,,,,,,,"subgenual (subcallosal) division of MFC (area 25, area FL)",,,,,,,,,
MCC,,,,,,,,,midcingulate cortex,,,,,,,,,,
A24mc,,,,,,,,,,ventral division of MCC (area 24mc),,,,,,,,,
A32mc,,,,,,,,,,dorsal division of MCC (area 32mc),,,,,,,,,
PCC,,,,,,,,,posterior (caudal) cingulate cortex,,,,,,,,,,
A23,,,,,,,,,,"ventral division of PCC (area 23, area LC2)",,,,,,,,,
A31,,,,,,,,,,"dorsal division of PCC (area 31, area LC1)",,,,,,,,,
PACx,,,,,,,periallocortex,,,,,,,,,,,,
PArCx,,,,,,,,periarchicortex,,,,,,,,,,,
A35,,,,,,,,,perirhinal cortex (area 35),,,,,,,,,,
A35r,,,,,,,,,,rostral subdivision of area 35,,,,,,,,,
A35c,,,,,,,,,,caudal subdivision of area 35,,,,,,,,,
EC,,,,,,,,,entorhinal cortex,,,,,,,,,,
LEC,,,,,,,,,,lateral (anterior) entorhinal cortex,,,,,,,,,
EO,,,,,,,,,,,olfactory part of entorhinal cortex,,,,,,,,
ER,,,,,,,,,,,rostral part of entorhinal cortex,,,,,,,,
ELR,,,,,,,,,,,laterorostral part of entorhinal cortex,,,,,,,,
EMI,,,,,,,,,,,medial intermediate part of entorhinal cortex,,,,,,,,
MEC,,,,,,,,,,medial (posterior) entorhinal cortex,,,,,,,,,
ELI,,,,,,,,,,,lateral intermediate part of entorhinal cortex,,,,,,,,
Ec,,,,,,,,,,,caudal part of entorhinal cortex,,,,,,,,
ECL,,,,,,,,,,,caudal limiting part of entorhinal cortex,,,,,,,,
ELC,,,,,,,,,,,laterocaudal part of entorhinal cortex,,,,,,,,
PrS-PaS,,,,,,,,,pre- and para-subiculum,,,,,,,,,,
PaS,,,,,,,,,,parasubicular cortex (parasubiculum),,,,,,,,,
PaSr,,,,,,,,,,,rostral parasubiculum,,,,,,,,
PaSc,,,,,,,,,,,caudal parasubiculum,,,,,,,,
PrS,,,,,,,,,,presubicular cortex (presubiculum),,,,,,,,,
PrSr,,,,,,,,,,,rostral presubiculum,,,,,,,,
PrSc,,,,,,,,,,,caudal presubiculum (postsubiculum),,,,,,,,
RSC,,,,,,,,,retrosplenial cortex,,,,,,,,,,
A29,,,,,,,,,,area 29 of retrosplenial cortex,,,,,,,,,
A30,,,,,,,,,,area 30 of retrosplenial cortex,,,,,,,,,
PPCx,,,,,,,,peripaleocortex,,,,,,,,,,,
Iag,,,,,,,,,agranular insular cortex (area Iag),,,,,,,,,,
FI,,,,,,,,,frontal agranular insular cortex (area FI),,,,,,,,,,
TI,,,,,,,,,temporal agranular insular cortex (area TI),,,,,,,,,,
ACx,,,,,,,allocortex,,,,,,,,,,,,
ArCx,,,,,,,,archicortex,,,,,,,,,,,
HIP,,,,,,,,,hippocampus (hippocampal formation),,,,,,,,,,
DG,,,,,,,,,,dentate area (dentate gyrus),,,,,,,,,
DGU,,,,,,,,,,,uncal dentate gyrus,,,,,,,,
DGR,,,,,,,,,,,rostral dentate gyrus,,,,,,,,
DGC,,,,,,,,,,,caudal dentate gyrus,,,,,,,,
Hipp,,,,,,,,,,hippocampal proper,,,,,,,,,
CA1,,,,,,,,,,,CA1 region of hippocampus,,,,,,,,
CA1U,,,,,,,,,,,,uncal CA1,,,,,,,
CA1R,,,,,,,,,,,,rostral CA1 (body part of CA1),,,,,,,
CA1C,,,,,,,,,,,,caudal CA1,,,,,,,
CA2,,,,,,,,,,,CA2 region of Hipp,,,,,,,,
CA2U,,,,,,,,,,,,uncal CA2,,,,,,,
CA2R,,,,,,,,,,,,rostral CA2 (body part of CA2),,,,,,,
CA2C,,,,,,,,,,,,caudal CA2,,,,,,,
CA3,,,,,,,,,,,CA3 region of Hipp,,,,,,,,
CA3U,,,,,,,,,,,,uncal CA3,,,,,,,
CA3R,,,,,,,,,,,,rostral CA3 (body part of CA3),,,,,,,
CA3C,,,,,,,,,,,,caudal CA3,,,,,,,
CA4,,,,,,,,,,,CA4 region of Hipp,,,,,,,,
Sub,,,,,,,,,,subicular cortex,,,,,,,,,
S,,,,,,,,,,,subiculum,,,,,,,,
S-U,,,,,,,,,,,,uncal subiculum,,,,,,,
S-R,,,,,,,,,,,,rostral subiculum,,,,,,,
S-C,,,,,,,,,,,,caudal subiculum,,,,,,,
ProS,,,,,,,,,,,prosubiculum,,,,,,,,
ProU,,,,,,,,,,,,uncal prosubiculum,,,,,,,
ProR,,,,,,,,,,,,rostral prosubiculum,,,,,,,
ProC,,,,,,,,,,,,caudal prosubiculum,,,,,,,
SuS,,,,,,,,,,,supracallosal subiculum,,,,,,,,
IG,,,,,,,,,indusium griseum,,,,,,,,,,
TT,,,,,,,,,taenia tecta,,,,,,,,,,
PalCx,,,,,,,,paleocortex (semicortex),,,,,,,,,,,
OB,,,,,,,,,olfactory bulb,,,,,,,,,,
AON,,,,,,,,,anterior olfactory nucleus,,,,,,,,,,
NLOT,,,,,,,,,nucleus of lateral olfactory tract,,,,,,,,,,
OT,,,,,,,,,olfactory tubercle,,,,,,,,,,
LOA,,,,,,,,,lateral olfactory area (layers 1-3),,,,,,,,,,
LOAlc,,,,,,,,,,lightly-stained cell islands of lateral olfactory area,,,,,,,,,
LOAdc,,,,,,,,,,darkly-stained cell islands of lateral olfactory area,,,,,,,,,
Pir,,,,,,,,,piriform cortex,,,,,,,,,,
PEA,,,,,,,,,piriform-entorhinal-amygdaloid area (layers 1-3),,,,,,,,,,
CN,,,,,,cerebral nuclei,,,,,,,,,,,,,
AMY,,,,,,,amygdaloid complex,,,,,,,,,,,,
AAA,,,,,,,,anterior amygdaloid area,,,,,,,,,,,
AAAd,,,,,,,,,dorsal part of AAA,,,,,,,,,,
AAAv,,,,,,,,,ventral part of AAA,,,,,,,,,,
CEN,,,,,,,,central nuclear group,,,,,,,,,,,
CEm,,,,,,,,,medial subdivision of central nucleus,,,,,,,,,,
CEmd,,,,,,,,,,dorsal part of CEm,,,,,,,,,
CEmv,,,,,,,,,,ventral part of CEm,,,,,,,,,
CEl,,,,,,,,,lateral subdivision of central nucleus,,,,,,,,,,
CElap,,,,,,,,,,apical part of CEl,,,,,,,,,
CElca,,,,,,,,,,capsular part of CEl,,,,,,,,,
CElpc,,,,,,,,,,paracapsular part of CEl,,,,,,,,,
CElcn,,,,,,,,,,central part of CEl,,,,,,,,,
CMN,,,,,,,,corticomedial nuclear group,,,,,,,,,,,
Co,,,,,,,,,cortical amygdaloid nuclei,,,,,,,,,,
CoA,,,,,,,,,,anterior cortical nucleus,,,,,,,,,
CoAd,,,,,,,,,,,dorsal subdivision of CoA,,,,,,,,
CoAv,,,,,,,,,,,ventral subdivision of CoA,,,,,,,,
CoA-m,,,,,,,,,,,marginal layer of anterior cortical nucleus,,,,,,,,
CoP,,,,,,,,,,posterior cortical nucleus,,,,,,,,,
CoPd,,,,,,,,,,,dorsal subdivision of CoP,,,,,,,,
CoPv,,,,,,,,,,,venrtral subdivision of CoP,,,,,,,,
CoP-m,,,,,,,,,,,marginal layer of posterior cortical nucleus,,,,,,,,
Me,,,,,,,,,medial nucleus,,,,,,,,,,
MeR,,,,,,,,,,rostral subdivision of medial nucleus,,,,,,,,,
MeC,,,,,,,,,,caudal subdivision of medial nucleus,,,,,,,,,
MeCd,,,,,,,,,,,dorsal part of caudal medial nucleus,,,,,,,,
MeCv,,,,,,,,,,,ventral part of caudal medial nucleus,,,,,,,,
Me-m,,,,,,,,,,marginal layer of medial amygdaloid nucleus,,,,,,,,,
AHA,,,,,,,,,amygdalohippocampal area,,,,,,,,,,
AHAmc,,,,,,,,,,magnocellular part of amygdalohippocampal area,,,,,,,,,
AHApc,,,,,,,,,,parvocellular part of amygdalohippocampal area,,,,,,,,,
AHA-m,,,,,,,,,,marginal layer of amygdalohippocampal area,,,,,,,,,
BLN,,,,,,,,basolateral nuclear group,,,,,,,,,,,
La,,,,,,,,,lateral nucleus,,,,,,,,,,
LaD,,,,,,,,,,dorsal division of lateral nucleus,,,,,,,,,
LaDr,,,,,,,,,,,dorsal rostral subdivision of lateral nucleus,,,,,,,,
LaDl,,,,,,,,,,,dorsal lateral subdivision of lateral nucleus,,,,,,,,
LaCom,,,,,,,,,,,,comb-like part of LaDl,,,,,,,
LaDm,,,,,,,,,,,dorsal medial subdivision of lateral nucleus,,,,,,,,
LaI,,,,,,,,,,intermediate division of lateral nucleus,,,,,,,,,
LaV,,,,,,,,,,ventral division of lateral nucleus,,,,,,,,,
LaVl,,,,,,,,,,,ventral lateral subdivision of lateral nucleus,,,,,,,,
LaVm,,,,,,,,,,,ventral medial subdivision of lateral nucleus,,,,,,,,
LaVglo,,,,,,,,,,,glomerular subdivision of lateral nucleus,,,,,,,,
BL,,,,,,,,,basolateral nucleus (basal nucleus),,,,,,,,,,
BLD,,,,,,,,,,dorsal (magnocellular) division of basolateral nucleus,,,,,,,,,
BLDl,,,,,,,,,,,dorsal lateral subdivision of basolateral nucleus,,,,,,,,
BLI,,,,,,,,,,intermediate division of basolateral nucleus,,,,,,,,,
BLV,,,,,,,,,,ventral (parvicellular) division of basolateral nucleus,,,,,,,,,
BLVl,,,,,,,,,,,ventral lateral subdivision of basolateral nucleus,,,,,,,,
BLVm,,,,,,,,,,,ventral medial subdivision of basolateral nucleus,,,,,,,,
BM,,,,,,,,,basomedial nucleus (accessory basal nucleus),,,,,,,,,,
BMD,,,,,,,,,,dorsal division of basomedial nucleus,,,,,,,,,
BMDl,,,,,,,,,,,dorsolateral subdivision of basomedial nucleus,,,,,,,,
BMDm,,,,,,,,,,,dorsomedial (magnocellular) subdivsion of basomedial nucleus,,,,,,,,
BMV,,,,,,,,,,ventral division of basomedial nucleus,,,,,,,,,
BMVl,,,,,,,,,,,ventrolateral (parvocellular) subdivsion of basomedial nucleus,,,,,,,,
BMVm,,,,,,,,,,,ventromedial subdivsion of basomedial nucleus,,,,,,,,
BMm,,,,,,,,,,medial division of basomedial nucleus,,,,,,,,,
BV,,,,,,,,,basoventral nucleus,,,,,,,,,,
PL,,,,,,,,,paralaminar nucleus,,,,,,,,,,
PLglo,,,,,,,,,,glomerular part of paralaminar nucleus,,,,,,,,,
En,,,,,,,,endopiriform nucleus,,,,,,,,,,,
INA,,,,,,,,Intercalated nucleus of amygdala,,,,,,,,,,,
IMG,,,,,,,,intramedullary gray of the amygdala,,,,,,,,,,,
ATA,,,,,,,amygdaloid transition areas,,,,,,,,,,,,
AHTA,,,,,,,,amygdalohippocampal transition area,,,,,,,,,,,
ASTA,,,,,,,,amygdalostriatal transition area,,,,,,,,,,,
ACTA,,,,,,,,amygdalocortical (corticoamygdaloid) transition area,,,,,,,,,,,
SA,,,,,,,,supra-amygdaloid area,,,,,,,,,,,
EXA,,,,,,,extended amygdala,,,,,,,,,,,,
BNST,,,,,,,,bed nucleus of stria terminalis,,,,,,,,,,,
BNSTm,,,,,,,,,medial subdivision of BNST,,,,,,,,,,
BSTmr,,,,,,,,,,rostral subdivision of BNSTm,,,,,,,,,
BSTmc,,,,,,,,,,caudal subdivision of BNSTm,,,,,,,,,
BSTmcl,,,,,,,,,,,lateral subdivision of BNSTmc,,,,,,,,
BSTmm,,,,,,,,,,,medial subdivision of BNSTmc,,,,,,,,
BSTmv,,,,,,,,,,ventral subdivision of BNSTm,,,,,,,,,
BNSTl,,,,,,,,,lateral subdivision of BNST,,,,,,,,,,
BSTlj,,,,,,,,,,juxtacapsular subdivision of BNSTl,,,,,,,,,
BSTld,,,,,,,,,,dorsal subdivision of BNSTl,,,,,,,,,
BSTlv,,,,,,,,,,ventral subdivision of BNSTl,,,,,,,,,
BSTlcn,,,,,,,,,,central subdivision of BNSTl,,,,,,,,,
BSTlcn-s,,,,,,,,,,,shell of central subdivision of BNSTl,,,,,,,,
BSTlc,,,,,,,,,,caudal subdivision of BNSTl,,,,,,,,,
BSTlcm,,,,,,,,,,,medial subdivision of BNSTlc,,,,,,,,
BSTlcd,,,,,,,,,,,dorsal subdivision of BNSTlc,,,,,,,,
BSTlcv,,,,,,,,,,,ventral subdivision of BNSTlc,,,,,,,,
BNSTsc,,,,,,,,,supracapsular division of BNST,,,,,,,,,,
BSTscl,,,,,,,,,,lateral column of BNSTsc,,,,,,,,,
BSTscm,,,,,,,,,,medial column of BNSTsc,,,,,,,,,
BNSTin,,,,,,,,,intercalated nuclei of BNST,,,,,,,,,,
SLEA,,,,,,,,sublenticular extended amygdala,,,,,,,,,,,
SLEAm,,,,,,,,,medial division of sublenticular extended amygdala,,,,,,,,,,
SLEAc,,,,,,,,,central division of sublenticular extended amygdala,,,,,,,,,,
IPAC,,,,,,,,interstitial nucleus of posterior limb of anterior commissure,,,,,,,,,,,
BN,,,,,,,basal nuclei (basal ganglia),,,,,,,,,,,,
STR,,,,,,,,striatum,,,,,,,,,,,
Ca,,,,,,,,,caudate nucleus,,,,,,,,,,
CaH,,,,,,,,,,head of caudate,,,,,,,,,
CaHr,,,,,,,,,,,rostral pole of CaH,,,,,,,,
CaHdl,,,,,,,,,,,dorsolateral part of CaH,,,,,,,,
CaHvm,,,,,,,,,,,ventromedial part of CaH,,,,,,,,
CaB,,,,,,,,,,body of caudate,,,,,,,,,
CaBr,,,,,,,,,,,rostral part of CaB,,,,,,,,
CaBmi,,,,,,,,,,,middle part of CaB,,,,,,,,
CaBc,,,,,,,,,,,caudal part of CaB,,,,,,,,
CaT,,,,,,,,,,tail of caudate,,,,,,,,,
Eca,,,,,,,,,,peri-caudate ependymal and subependymal zone,,,,,,,,,
CaPu,,,,,,,,,caudate-putamen cell bridges,,,,,,,,,,
Pu,,,,,,,,,putamen,,,,,,,,,,
PuR,,,,,,,,,,rostral part of CaB,,,,,,,,,
PuRd,,,,,,,,,,,dorsal part of rostral PuR,,,,,,,,
PuRi,,,,,,,,,,,intermediate part of rostral PuR,,,,,,,,
PuRv,,,,,,,,,,,ventral part of rostral PuR,,,,,,,,
PuC,,,,,,,,,,caudal putamen,,,,,,,,,
Pld,,,,,,,,,,,laterodorsal part of putamen,,,,,,,,
Pint,,,,,,,,,,,intermediate part of putamen,,,,,,,,
Pmv,,,,,,,,,,,medioventral part of putamen,,,,,,,,
PuPV,,,,,,,,,,posteroventral putamen,,,,,,,,,
PuMG,,,,,,,,,,marginal subdivision (cell groups) of putamen,,,,,,,,,
NAC,,,,,,,,,nucleus accumbens,,,,,,,,,,
NACc,,,,,,,,,,core of nucleus accumbens,,,,,,,,,
NACcl,,,,,,,,,,,lateral portion of the core,,,,,,,,
NACcm,,,,,,,,,,,medial portion of the core,,,,,,,,
NACs,,,,,,,,,,shell of nucleus accumbens,,,,,,,,,
NACsl,,,,,,,,,,,lateral portion of the shell,,,,,,,,
NACsi,,,,,,,,,,,intermediate portion of the shell,,,,,,,,
NACsm,,,,,,,,,,,medial portion of the shell,,,,,,,,
GP,,,,,,,,globus pallidus,,,,,,,,,,,
GPe,,,,,,,,,external segment of globus pallidus,,,,,,,,,,
GPeR,,,,,,,,,,rostral part of Gpe,,,,,,,,,
GPeI,,,,,,,,,,intermediate part of Gpe,,,,,,,,,
GPeC,,,,,,,,,,caudal part of Gpe,,,,,,,,,
GPi,,,,,,,,,internal segment of globus pallidus,,,,,,,,,,
GPic,,,,,,,,,,central portion of GPi,,,,,,,,,
GPip,,,,,,,,,,peripheral portion of GPi,,,,,,,,,
EnPN,,,,,,,,,entopeduncular nucleus,,,,,,,,,,
VeP,,,,,,,,,Ventral pallidus,,,,,,,,,,
Cla,,,,,,,claustrum,,,,,,,,,,,,
CLd,,,,,,,,"Dorsal claustrum (rostral, caudal parts)",,,,,,,,,,,
CLv,,,,,,,,"ventral claustrum (rostral, caudal parts)",,,,,,,,,,,
CLt,,,,,,,,"temporal claustrum (rostral, caudal parts)",,,,,,,,,,,
BF,,,,,,,basal forebrain,,,,,,,,,,,,
SEP,,,,,,,,septal nuclei,,,,,,,,,,,
MSN,,,,,,,,,medial septal nucleus,,,,,,,,,,
LSN,,,,,,,,,lateral septal nucleus,,,,,,,,,,
LSNd,,,,,,,,,,dorsal division of lateral septal nucleus,,,,,,,,,
LSNi,,,,,,,,,,intermediate division of lateral septal nucleus,,,,,,,,,
LSNv,,,,,,,,,,ventral division of lateral septal nucleus,,,,,,,,,
CSN,,,,,,,,,caudal septal nucleus,,,,,,,,,,
SFi,,,,,,,,,,septofimbrial nucleus,,,,,,,,,
TSN,,,,,,,,,,triangular septal nucleus,,,,,,,,,
SHi,,,,,,,,,septohipocampal nucleus,,,,,,,,,,
Ld,,,,,,,,,lambdoid septal zone,,,,,,,,,,
PLd,,,,,,,,,paralambdoid septal nucleus,,,,,,,,,,
SHy,,,,,,,,,septohypothalamic nucleus,,,,,,,,,,
BNM,,,,,,,,basal nucleus of Meynert,,,,,,,,,,,
BNMl,,,,,,,,,lateral cell groups of basal nucleus,,,,,,,,,,
BNMm,,,,,,,,,medial cell groups of basal nucleus,,,,,,,,,,
NDB,,,,,,,,nucleus of diagonal band,,,,,,,,,,,
NDBv,,,,,,,,,vertical subdivision of nucleus of diagonal band,,,,,,,,,,
NDBh,,,,,,,,,horizontal subdivision of nucleus of diagonal band,,,,,,,,,,
NSP,,,,,,,,nucleus subputaminalis,,,,,,,,,,,
IsCj,,,,,,,,islands of Calleja,,,,,,,,,,,
IsCjm,,,,,,,,,major island of Calleja,,,,,,,,,,
IsCjs,,,,,,,,,scattered islands of Calleja,,,,,,,,,,
SI,,,,,,,,substantia innominata,,,,,,,,,,,
SI-pc,,,,,,,,,lightly-stained parvocellular islands of SI,,,,,,,,,,
SI-nc,,,,,,,,,darkly-stained nanocellular islands of SI,,,,,,,,,,
Die,,,,,diencephalon,,,,,,,,,,,,,,
THM,,,,,,thalamus,,,,,,,,,,,,,
DTH,,,,,,,dorsal thalamus,,,,,,,,,,,,
ANC,,,,,,,,anterior nuclear complex of thalamus,,,,,,,,,,,
AD,,,,,,,,,anterodorsal nucleus of thalamus,,,,,,,,,,
AM,,,,,,,,,anteromedial nucleus of thalamus,,,,,,,,,,
AV,,,,,,,,,anteroventral nucleus of thalamus,,,,,,,,,,
LD,,,,,,,,,lateral dorsal nucleus of thalamus,,,,,,,,,,
MNC,,,,,,,,medial nuclear complex of thalamus,,,,,,,,,,,
MD,,,,,,,,,mediodorsal nucleus of thalamus,,,,,,,,,,
MDd,,,,,,,,,,densocelllular (paralamellar) division of MD,,,,,,,,,
MDm,,,,,,,,,,magnocellular (medial) division of MD,,,,,,,,,
MDam,,,,,,,,,,anteromedial large-celled island of MD,,,,,,,,,
MDl,,,,,,,,,,multiform (lateral) division of MD,,,,,,,,,
MDc,,,,,,,,,,parvocellular (central) division of MD,,,,,,,,,
MDv,,,,,,,,,,ventral division of MD,,,,,,,,,
Re,,,,,,,,,reuniens nucleus (medioventral nucleus) of thalamus,,,,,,,,,,
Pt,,,,,,,,,parataenial nucleus of thalamus,,,,,,,,,,
LNC,,,,,,,,lateral nuclear complex of thalamus,,,,,,,,,,,
DLN,,,,,,,,,dorsal group of lateral nucleus,,,,,,,,,,
LP,,,,,,,,,,lateral posterior nucleus of thalamus,,,,,,,,,
Pul,,,,,,,,,,pulvinar of thalamus,,,,,,,,,
Pulr,,,,,,,,,,,anterior nucleus of pulvinar,,,,,,,,
Pulm,,,,,,,,,,,medial nucleus of pulvinar,,,,,,,,
Pull,,,,,,,,,,,lateral nucleus of pulvinar,,,,,,,,
Puli,,,,,,,,,,,inferior nucleus of pulvinar,,,,,,,,
Pulil,,,,,,,,,,,,lateral subdivision of Puli,,,,,,,
Pulim,,,,,,,,,,,,medial subdivision of Puli,,,,,,,
VLN,,,,,,,,,ventral group of lateral nucleus,,,,,,,,,,
VA,,,,,,,,,,ventral anterior nucleus of thalamus,,,,,,,,,
VApr,,,,,,,,,,,parvocellular division of VA,,,,,,,,
VAmc,,,,,,,,,,,magnocellular division of VA,,,,,,,,
VL,,,,,,,,,,ventral lateral nucleus of thalamus,,,,,,,,,
VLR,,,,,,,,,,,rostral division of VL,,,,,,,,
VLC,,,,,,,,,,,caudal division of VL,,,,,,,,
VLCd,,,,,,,,,,,,dorsal subdivision of VLC,,,,,,,
VLCv,,,,,,,,,,,,ventral subdivision of VLC,,,,,,,
VLCx,,,,,,,,,,,,medial subdivision of VLC (thalamic nucleus X),,,,,,,
VPT,,,,,,,,,,ventral posterior nucleus of thalamus,,,,,,,,,
VPL,,,,,,,,,,,ventral posterior lateral nucleus,,,,,,,,
VPLr,,,,,,,,,,,,rostral division of ventral posterior lateral nucleus,,,,,,,
VPLc,,,,,,,,,,,,caudal division of ventral posterior lateral nucleus,,,,,,,
VPM,,,,,,,,,,,ventral posterior medial nucleus,,,,,,,,
VPMpc,,,,,,,,,,,,parvocellular division of VPM,,,,,,,
VPI,,,,,,,,,,,ventral posterior inferior nucleus,,,,,,,,
VMb,,,,,,,,,,,basal ventral medial nucleus,,,,,,,,
VM,,,,,,,,,,ventral medial nucleus of thalamus,,,,,,,,,
PoN,,,,,,,,posterior nuclear complex of thalamus,,,,,,,,,,,
LG,,,,,,,,,lateral geniculate nucleus,,,,,,,,,,
DLG,,,,,,,,,,dorsal lateral geniculate nucleus,,,,,,,,,
DLGmc,,,,,,,,,,,"magnocellular layer of DLG (r, i,c)",,,,,,,,
DLG1,,,,,,,,,,,,layer 1 of DLG,,,,,,,
DLG2,,,,,,,,,,,,layer 2 of DLG,,,,,,,
DLGpc,,,,,,,,,,,"parvicellular layer of DLG (r, i, c)",,,,,,,,
DLG3,,,,,,,,,,,,layer 3 of DLG,,,,,,,
DLG4,,,,,,,,,,,,layer 4 of DLG,,,,,,,
DLG5,,,,,,,,,,,,layer 5 of DLG,,,,,,,
DLG6,,,,,,,,,,,,layer 6 of DLG,,,,,,,
DLGs,,,,,,,,,,,S layer of DLG,,,,,,,,
DLGk,,,,,,,,,,,koniocellular layer of DLG,,,,,,,,
PG,,,,,,,,,,pregeniculate nucleus,,,,,,,,,
MG,,,,,,,,,medial geniculate nuclei,,,,,,,,,,
DMG,,,,,,,,,,dorsal medial geniculate nucleus,,,,,,,,,
DMGad,,,,,,,,,,,anterodorsal subdivision of DMG,,,,,,,,
DMGpd,,,,,,,,,,,posterodorsal subdivision of DMG,,,,,,,,
VMG,,,,,,,,,,ventral medial geniculate nucleus,,,,,,,,,
MMG,,,,,,,,,,magnocellular (medial) nucleus,,,,,,,,,
LiMG,,,,,,,,,,limitans part of medial geniculate nucleus,,,,,,,,,
Po,,,,,,,,,posterior nucleus of thalamus,,,,,,,,,,
LSG,,,,,,,,,limitans/suprageniculate nucleus,,,,,,,,,,
Lim,,,,,,,,,,limitans nucleus,,,,,,,,,
SGN,,,,,,,,,,suprageniculate nucleus of thalamus,,,,,,,,,
ILN,,,,,,,,intralaminar nuclear complex,,,,,,,,,,,
AILN,,,,,,,,,anterior group of intralaminar nuclei,,,,,,,,,,
CL,,,,,,,,,,central lateral nucleus of the thalamus,,,,,,,,,
CLm,,,,,,,,,,,medial division of central lateral nucleus,,,,,,,,
CLl,,,,,,,,,,,lateral division of central lateral nucleus,,,,,,,,
CLs,,,,,,,,,,,dorsal division of central lateral nucleus,,,,,,,,
CLc,,,,,,,,,,,caudal division of central lateral nucleus,,,,,,,,
CeM,,,,,,,,,,central medial nucleus of thalamus,,,,,,,,,
PC,,,,,,,,,,paracentral nucleus of thalamus,,,,,,,,,
CD,,,,,,,,,,central dorsal nucleus of thalamus,,,,,,,,,
PILN,,,,,,,,,posterior group of intralaminar nuclei,,,,,,,,,,
CM,,,,,,,,,,centromedian nucleus of thalamus,,,,,,,,,
CMl,,,,,,,,,,,lateral division of centromedian nucleus of thalamus,,,,,,,,
CMm,,,,,,,,,,,medial division of centromedian nucleus of thalamus,,,,,,,,
Pf,,,,,,,,,,parafascicular nucleus of thalamus,,,,,,,,,
Pfl,,,,,,,,,,,lateral division of parafascicular nucleus of thalamus,,,,,,,,
Pfm,,,,,,,,,,,medial division of parafascicular nucleus of thalamus,,,,,,,,
SPf,,,,,,,,,,subparafascicular nucleus of thalamus,,,,,,,,,
RPf,,,,,,,,,,retroparafascicular area of thalamus,,,,,,,,,
Fa,,,,,,,,,fasciculosus nucleus of thalamus,,,,,,,,,,
MiN,,,,,,,,midline nuclear complex,,,,,,,,,,,
Rh,,,,,,,,,rhomboid (central) nucleus of thalamus,,,,,,,,,,
PeVA,,,,,,,,,periventricular area of thalamus,,,,,,,,,,
IAM,,,,,,,,,interanteromedial nucleus of thalamus,,,,,,,,,,
IMD,,,,,,,,,intermediodorsal nucleus of thalamus,,,,,,,,,,
ETH,,,,,,,epithalamus,,,,,,,,,,,,
HN,,,,,,,,habenular nuclei,,,,,,,,,,,
LHN,,,,,,,,,lateral habenular nucleus,,,,,,,,,,
LHNmc,,,,,,,,,,magnocellular division of lateral habenular nucleus,,,,,,,,,
LHNpc,,,,,,,,,,parvicellular division of lateral habenular nucleus,,,,,,,,,
MHN,,,,,,,,,medial habenular nucleus,,,,,,,,,,
PaV,,,,,,,,paraventricular nucleus,,,,,,,,,,,
PaVr,,,,,,,,,rostral subdivision of paraventricular nucleus,,,,,,,,,,
PaVc,,,,,,,,,caudal subdivision of paraventricular nucleus,,,,,,,,,,
Pin,,,,,,,,pineal body,,,,,,,,,,,
VTH,,,,,,,ventral thalamus,,,,,,,,,,,,
FF,,,,,,,,nucleus of the field of Forel,,,,,,,,,,,
ZI,,,,,,,,zona incerta,,,,,,,,,,,
ZId,,,,,,,,,"zona incerta, dorsal division",,,,,,,,,,
ZIv,,,,,,,,,"zona incerta, ventral division",,,,,,,,,,
EnP,,,,,,,,endopeduncular nucleus,,,,,,,,,,,
PSTh,,,,,,,,parasubthalamic nucleus,,,,,,,,,,,
R,,,,,,,reticular nucleus of thalamus,,,,,,,,,,,,
Rmc,,,,,,,,magnocellular division of reticular nucleus,,,,,,,,,,,
Rpc,,,,,,,,parvocellular division of reticular nucleus (perireticular nucleus),,,,,,,,,,,
Rc,,,,,,,,caudal part of reticular nucleus,,,,,,,,,,,
SubTH,,,,,,subthalamus,,,,,,,,,,,,,
STH,,,,,,,subthalamic nucleus,,,,,,,,,,,,
STHm,,,,,,,,medial portion of STH,,,,,,,,,,,
STHld,,,,,,,,laterodorsal portion of STH,,,,,,,,,,,
STHlv,,,,,,,,lateroventral portion of STH,,,,,,,,,,,
HTH,,,,,,hypothalamus,,,,,,,,,,,,,
HTHpo,,,,,,,preoptic region of HTH,,,,,,,,,,,,
PeVpo,,,,,,,,"periventricular nucleus, preoptic portion",,,,,,,,,,,
DPe,,,,,,,,,dorsal periventricular nucleus,,,,,,,,,,
AVPe,,,,,,,,,anteroventral periventricular nucleus,,,,,,,,,,
AMPO,,,,,,,,,anteromedial preoptic nucleus,,,,,,,,,,
MPA,,,,,,,,medial preoptic area,,,,,,,,,,,
MPN,,,,,,,,medial preoptic nucleus,,,,,,,,,,,
LPA,,,,,,,,lateral preoptic area,,,,,,,,,,,
IMH,,,,,,,,intermediate (sexually dimorphic) hypothalamic nuclei,,,,,,,,,,,
MnPO,,,,,,,,median preoptic nucleus,,,,,,,,,,,
HTHso,,,,,,,supraoptic region of HTH,,,,,,,,,,,,
PeVso,,,,,,,,"periventricular nucleus, supraoptic portion",,,,,,,,,,,
AHN,,,,,,,,anterior hypothalamic nucleus,,,,,,,,,,,
AnHA,,,,,,,,anterior hypothalamic area,,,,,,,,,,,
PV,,,,,,,,paraventricular nucleus of hypothalamus,,,,,,,,,,,
PVd,,,,,,,,,descending division of paraventricular nucleus,,,,,,,,,,
PVmc,,,,,,,,,magnocellular division of paraventricular nucleus,,,,,,,,,,
PVpc,,,,,,,,,parvicellular division of paraventricular nucleus,,,,,,,,,,
PVpo,,,,,,,,,posterior division of paraventricular nucleus,,,,,,,,,,
UnN,,,,,,,,uncinate nucleus,,,,,,,,,,,
SCN,,,,,,,,suprachiasmatic nucleus,,,,,,,,,,,
SCNd,,,,,,,,,dorsal part of suprachiasmatic nucleus,,,,,,,,,,
SCNc,,,,,,,,,central part of suprachiasmatic nucleus,,,,,,,,,,
RCN,,,,,,,,retrochiasmatic nucleus,,,,,,,,,,,
SO,,,,,,,,supraoptic nucleus,,,,,,,,,,,
SOm,,,,,,,,,medial part of supraoptic nucleus,,,,,,,,,,
SOl,,,,,,,,,lateral part of supraoptic nucleus,,,,,,,,,,
LHAa,,,,,,,,"lateral hypothalamic area, anterior part",,,,,,,,,,,
SuV,,,,,,,,subventricular nucleus,,,,,,,,,,,
SPZ,,,,,,,,subparaventricular zone,,,,,,,,,,,
HTHtub,,,,,,,tuberal region of HTH,,,,,,,,,,,,
PeVtub,,,,,,,,"periventricular nucleus, tuberal portion",,,,,,,,,,,
JPLH,,,,,,,,juxtaparaventricular lateral hypothalamic area,,,,,,,,,,,
DHA,,,,,,,,dorsal hypothalamic area,,,,,,,,,,,
DMH,,,,,,,,dorsomedial hypothalamic nucleus,,,,,,,,,,,
DMHc,,,,,,,,,compact part of dorsomedial hypothalamic nucleus,,,,,,,,,,
DMHd,,,,,,,,,diffuse part of dorsomedial hypothalamic nucleus,,,,,,,,,,
VMH,,,,,,,,ventromedial hypothalamic nucleus,,,,,,,,,,,
VMHd,,,,,,,,,dorsal part of ventromedial hypothalamic nucleus,,,,,,,,,,
VMHv,,,,,,,,,ventral part of ventromedial hypothalamic nucleus,,,,,,,,,,
VMHc,,,,,,,,,central part of ventromedial hypothalamic nucleus,,,,,,,,,,
PMH,,,,,,,,posteromedial hypothalamic nucleus,,,,,,,,,,,
Arc,,,,,,,,arcuate nucleus of hypothalamus,,,,,,,,,,,
LT,,,,,,,,lateral tuberal nuclei,,,,,,,,,,,
LHAtub,,,,,,,,"lateral hypothalamic area, tuberal part",,,,,,,,,,,
LHmc,,,,,,,,,magnocellular nucleus of lateral hypothalamic area,,,,,,,,,,
LHsc,,,,,,,,,accessory secretory cells of lateral hypothalamus,,,,,,,,,,
PalHy,,,,,,,,,pallidohypothalamic area,,,,,,,,,,
NCN,,,,,,,,nanocellular hypothalamic nucleus,,,,,,,,,,,
ME,,,,,,,,median eminence,,,,,,,,,,,
MEE,,,,,,,,,external portion of median eminence,,,,,,,,,,
MEI,,,,,,,,,internal portion of median eminence,,,,,,,,,,
HTHma,,,,,,,mammillary region of HTH,,,,,,,,,,,,
TM,,,,,,,,tuberomammillary nucleus,,,,,,,,,,,
SUM,,,,,,,,supramammillary nucleus,,,,,,,,,,,
MN,,,,,,,,mammillary nucleus,,,,,,,,,,,
MM,,,,,,,,,medial mammillary nucleus,,,,,,,,,,
MMl,,,,,,,,,,lateral part of medial mammillary nucleus,,,,,,,,,
MMm,,,,,,,,,,medial part of medial mammillary nucleus,,,,,,,,,
MMb,,,,,,,,,,basal division of medial mammillary nucleus,,,,,,,,,
LM,,,,,,,,,lateral mammillary nucleus,,,,,,,,,,
PHN,,,,,,,,posterior hypothalamic nucleus,,,,,,,,,,,
LHAp,,,,,,,,"lateral hypothalamic area, posterior part",,,,,,,,,,,
PeF,,,,,,,,,perifornical nucleus,,,,,,,,,,
PMN,,,,,,,,premammillary nulceus,,,,,,,,,,,
RMA,,,,,,,,retromammillary area,,,,,,,,,,,
M,,,midbrain (mesencephalon),,,,,,,,,,,,,,,,
MGM,,,,gray matter of midbrain,,,,,,,,,,,,,,,
PTR,,,,,"pretectal region (r, c)",,,,,,,,,,,,,,
PTN,,,,,,pretectal nuclear complex,,,,,,,,,,,,,
DPT,,,,,,,dorsal (posterior/sublentiform) pretectal nucleus,,,,,,,,,,,,
MPT,,,,,,,medial pretectal nucleus,,,,,,,,,,,,
NOP,,,,,,,nucleus of the optic tract (lentiform nucleus),,,,,,,,,,,,
OPT,,,,,,,olivary pretectal nucleus,,,,,,,,,,,,
APT,,,,,,,anterior (ventral /principal) pretectal nucleus,,,,,,,,,,,,
APTc,,,,,,,,"anterior pretectal nucleus, compact division",,,,,,,,,,,
APTr,,,,,,,,"anterior pretectal nucleus, reticular division",,,,,,,,,,,
AOP,,,,,,accessory nuclei of optic tract,,,,,,,,,,,,,
AOPd,,,,,,,"accessory nuclei of optic tract, dorsal nucleus (dorsal terminal nucleus)",,,,,,,,,,,,
AOPl,,,,,,,"accessory nuclei of optic tract, lateral nucleus (lateral terminal nucleus)",,,,,,,,,,,,
AOPm,,,,,,,"accessory nuclei of optic tract, medial nucleus (medial terminal nucleus)",,,,,,,,,,,,
MTg,,,,,midbrain tegmentum,,,,,,,,,,,,,,
MEN,,,,,,efferent nuclei of the cranial nerves in the midbrain,,,,,,,,,,,,,
EW,,,,,,,Edinger-Westphal nucleus (accessory oculomotor nucleus),,,,,,,,,,,,
3N,,,,,,,oculomotor nucleus,,,,,,,,,,,,
3AM,,,,,,,,anterior median oculomotor nucleus,,,,,,,,,,,
3CC,,,,,,,,caudal central oculomotor nucleus,,,,,,,,,,,
3C,,,,,,,,central oculomotor nucleus,,,,,,,,,,,
3D,,,,,,,,dorsal oculomotor nucleus,,,,,,,,,,,
3M,,,,,,,,medial oculomotor nucleus,,,,,,,,,,,
3Vn,,,,,,,,ventral oculomotor nucleus,,,,,,,,,,,
4N,,,,,,,trochlear nucleus,,,,,,,,,,,,
S4N,,,,,,,supratrochlear nucleus,,,,,,,,,,,,
MAN,,,,,,afferent nuclei of the cranial nerves in midbrain,,,,,,,,,,,,,
Me5,,,,,,,mesencephalic trigeminal nucleus,,,,,,,,,,,,
PAG,,,,,,periaqueductal gray substance,,,,,,,,,,,,,
PAGD,,,,,,,"periaqueductal gray substance, dorsolateral portion",,,,,,,,,,,,
PAGdm,,,,,,,,"periaqueductal gray substance,dorsomedial division",,,,,,,,,,,
PAGdl,,,,,,,,"periaqueductal gray substance, dorsolateral division",,,,,,,,,,,
PAGl,,,,,,,,"periaqueductal gray substance, lateral division",,,,,,,,,,,
PAGvl,,,,,,,,"periaqueductal gray substance, ventrolateral division",,,,,,,,,,,
PAGpl,,,,,,,,"periaqueductal gray substance, pleioglial division",,,,,,,,,,,
PAGV,,,,,,,"periaqueductal gray substance, ventral portion",,,,,,,,,,,,
DRc,,,,,,,,cap of dorsal raphe nucleus,,,,,,,,,,,
Dk,,,,,,,,nucleus of Darkschewitsch,,,,,,,,,,,
PC3,,,,,,,,parvicellular oculomotor nucleus,,,,,,,,,,,
Su3C,,,,,,,,supraoculomotor cap,,,,,,,,,,,
Su3,,,,,,,,supraoculomotor nucleus,,,,,,,,,,,
MRa,,,,,,midbrain raphe nuclei,,,,,,,,,,,,,
DR,,,,,,,dorsal raphe nucleus,,,,,,,,,,,,
DRC,,,,,,,,"dorsal raphe nucleus, caudal part",,,,,,,,,,,
DRD,,,,,,,,"dorsal raphe nucleus, dorsal part",,,,,,,,,,,
DRI,,,,,,,,"dorsal raphe nucleus, interfascicular part",,,,,,,,,,,
DRL,,,,,,,,"dorsal raphe nucleus, lateral part",,,,,,,,,,,
DRV,,,,,,,,"dorsal raphe nucleus, ventral part",,,,,,,,,,,
DRVL,,,,,,,,"dorsal raphe nucleus, ventrolateral part",,,,,,,,,,,
Lin,,,,,,,linear nucleus of the midbrain,,,,,,,,,,,,
CLiZ,,,,,,,,caudal linear nucleus of the raphe,,,,,,,,,,,
CLinAz,,,,,,,,,"caudal linear nucleus of the raphe, azygos part",,,,,,,,,,
CLinZ,,,,,,,,,"caudal linear nucleus of the raphe, zygos part",,,,,,,,,,
RLin,,,,,,,,rostral linear nucleus of the raphe,,,,,,,,,,,
MnR,,,,,,,median raphe nucleus,,,,,,,,,,,,
PMnR,,,,,,,paramedian raphe nucleus,,,,,,,,,,,,
PDR,,,,,,,posterodorsal raphe nucleus,,,,,,,,,,,,
Rbd,,,,,,,rhabdoid nucleus,,,,,,,,,,,,
isRt,,,,,,isthmic reticular formation,,,,,,,,,,,,,
MRF,,,,,,midbrain reticular formation,,,,,,,,,,,,,
CnF,,,,,,,cuneiform nucleus,,,,,,,,,,,,
PrCnF,,,,,,,precuneiform area,,,,,,,,,,,,
U,,,,,,,nucleus U,,,,,,,,,,,,
PTg,,,,,,,pedunculo(pontine) tegmental nucleus,,,,,,,,,,,,
PTgC,,,,,,,,"pedunculopontine tegmental nucleus, compact part",,,,,,,,,,,
PTgD,,,,,,,,"pedunculopontine tegmental nucleus, dissipated part",,,,,,,,,,,
SubCn,,,,,,,subcuneiform nucleus,,,,,,,,,,,,
Lth,,,,,,,lithoid nucleus,,,,,,,,,,,,
RN,,,,,,red nucleus,,,,,,,,,,,,,
RNdm,,,,,,,"red nucleus, dorsomedial part",,,,,,,,,,,,
RNmc,,,,,,,"red nucleus, magnocellular part",,,,,,,,,,,,
RNpc,,,,,,,"red nucleus, parvicellular part",,,,,,,,,,,,
SN,,,,,,substantia nigra,,,,,,,,,,,,,
SNC,,,,,,,"substantia nigra, compact part",,,,,,,,,,,,
SNCd,,,,,,,,"substantia nigra, compact part, dorsal subdivision",,,,,,,,,,,
SNCm,,,,,,,,"substantia nigra, compact part, medial subdivision",,,,,,,,,,,
SNCv,,,,,,,,"substantia nigra, compact part, ventral subdivision",,,,,,,,,,,
SNL,,,,,,,"substantia nigra, lateral part",,,,,,,,,,,,
SNR,,,,,,,"substantia nigra, reticular part",,,,,,,,,,,,
VTR,,,,,,ventral tegmental region of midbrain,,,,,,,,,,,,,
VTA,,,,,,,ventral tegmental area,,,,,,,,,,,,
IF,,,,,,,interfascicular nucleus,,,,,,,,,,,,
PBP,,,,,,,parabrachial pigmented nucleus,,,,,,,,,,,,
PIF,,,,,,,parainterfascicular nucleus,,,,,,,,,,,,
PaN,,,,,,,paranigral nucleus,,,,,,,,,,,,
IP,,,,,,interpeduncular nucleus,,,,,,,,,,,,,
IPa,,,,,,,"interpeduncular nucleus, apical subnucleus",,,,,,,,,,,,
IPc,,,,,,,"interpeduncular nucleus, caudal subnucleus",,,,,,,,,,,,
IPdm,,,,,,,"interpeduncular nucleus, dorsomedial subnucleus",,,,,,,,,,,,
IPi,,,,,,,"interpeduncular nucleus, intermediate subnucleus",,,,,,,,,,,,
IPl,,,,,,,"interpeduncular nucleus, lateral subnucleus",,,,,,,,,,,,
IPr,,,,,,,"interpeduncular nucleus, rostral subnucleus",,,,,,,,,,,,
XMTg,,,,,,other nuclei in midbrain tegmentum,,,,,,,,,,,,,
CeMe,,,,,,,central mesencephalic nucleus,,,,,,,,,,,,
CTF,,,,,,,central tegmental field,,,,,,,,,,,,
DA8,,,,,,,dopamine cells A8,,,,,,,,,,,,
I3,,,,,,,interoculomotor nucleus,,,,,,,,,,,,
InC,,,,,,,interstitial nucleus of Cajal,,,,,,,,,,,,
Lt,,,,,,,lateral terminal nucleus of accessory optic tract,,,,,,,,,,,,
MCPC,,,,,,,magnocellular nucleus of the posterior commissure,,,,,,,,,,,,
MA3,,,,,,,medial accessory oculomotor nucleus,,,,,,,,,,,,
MiTg,,,,,,,microcellular tegmental nucleus,,,,,,,,,,,,
p1Rt,,,,,,,p1 reticular formation,,,,,,,,,,,,
PaC,,,,,,,paracollicular tegmentum,,,,,,,,,,,,
PaP,,,,,,,parapeduncular nucleus,,,,,,,,,,,,
Pa4,,,,,,,paratrochlear nucleus,,,,,,,,,,,,
PP,,,,,,,peripeduncular nucleus,,,,,,,,,,,,
PDTg,,,,,,,posterodorsal tegmental nucleus,,,,,,,,,,,,
PrC,,,,,,,precommissural nucleus,,,,,,,,,,,,
PrEW,,,,,,,pre-Edinger-Westphal nucleus,,,,,,,,,,,,
RIs,,,,,,,retroisthmic nucleus,,,,,,,,,,,,
RRF,,,,,,,retrorubral field,,,,,,,,,,,,
SubB,,,,,,,subbrachial nucleus,,,,,,,,,,,,
MTc,,,,,midbrain tectum,,,,,,,,,,,,,,
SC,,,,,,superior colliculus,,,,,,,,,,,,,
SCS,,,,,,,superficial layer of superior colliculus,,,,,,,,,,,,
SCSon,,,,,,,,optic nerve layer of superior colliculus,,,,,,,,,,,
SCSg,,,,,,,,superficial gray layer of superior colliculus,,,,,,,,,,,
SCSw,,,,,,,,superficial white layer of superior colliculus,,,,,,,,,,,
SCSz,,,,,,,,zonal layer of superior colliculus,,,,,,,,,,,
SCI,,,,,,,intermediate layer of the superior colliculus,,,,,,,,,,,,
SCIg,,,,,,,,intermediate gray layer of superior colliculus,,,,,,,,,,,
SCIw,,,,,,,,intermediate white layer of superior colliculus,,,,,,,,,,,
SCD,,,,,,,deep layer of colliculus,,,,,,,,,,,,
SCDg,,,,,,,,deep gray layer of superior colliculus,,,,,,,,,,,
SCDw,,,,,,,,deep white layer of superior colliculus,,,,,,,,,,,
BrSC,,,,,,,nucleus of branchium of superior colliculus,,,,,,,,,,,,
IC,,,,,,inferior colliculus,,,,,,,,,,,,,
CxIC,,,,,,,cortex of inferior colliculus,,,,,,,,,,,,
CICd,,,,,,,,dorsal cortex of inferior colliculus,,,,,,,,,,,
CICe,,,,,,,,external cortex of inferior colliculus,,,,,,,,,,,
CIC,,,,,,,central nucleus of inferior colliculus,,,,,,,,,,,,
ICN,,,,,,intercollicular nucleus,,,,,,,,,,,,,
INPC,,,,,,interstitial nucleus of posterior commissure,,,,,,,,,,,,,
MxTZ,,,,,,matrix layer of the tectal zone,,,,,,,,,,,,,
BrIC,,,,,,nucleus of the brachium of inferior colliculus,,,,,,,,,,,,,
PBG,,,,,,parabigeminal nucleus,,,,,,,,,,,,,
Sag,,,,,,sagulum nucleus,,,,,,,,,,,,,
SCO,,,,,,subcommissural organ,,,,,,,,,,,,,
MWM,,,,white matter of midbrain,,,,,,,,,,,,,,,
MV,,,,ventricle of midbrain,,,,,,,,,,,,,,,
MSS,,,,surface structures of midbrain,,,,,,,,,,,,,,,
H,,,hindbrain (rhombencephalon),,,,,,,,,,,,,,,,
HGM,,,,gray matter of the hindbrain,,,,,,,,,,,,,,,
Met,,,,,metencephalon,,,,,,,,,,,,,,
CB,,,,,,cerebellum,,,,,,,,,,,,,
CBC,,,,,,,cerebellar cortex,,,,,,,,,,,,
CBV,,,,,,,,"cerebellar vermis (layers 1, 2, 3)",,,,,,,,,,,
VeA,,,,,,,,,"vermis, anterior lobe portion",,,,,,,,,,
VeAm,,,,,,,,,,molecular layer of VeA,,,,,,,,,
VeAp,,,,,,,,,,Purkinje cell layer of VeA,,,,,,,,,
VeAg,,,,,,,,,,granular cell layer of VeA,,,,,,,,,
VePo,,,,,,,,,"vermis, posterior lobe portion",,,,,,,,,,
VePs,,,,,,,,,,"vermis, posterior lobe portion, superior part",,,,,,,,,
VePsm,,,,,,,,,,,molecular layer of VePs,,,,,,,,
VePsp,,,,,,,,,,,Purkinje cell layer of VePs,,,,,,,,
VePsg,,,,,,,,,,,granular cell layer of VePs,,,,,,,,
VePi,,,,,,,,,,"vermis, posterior lobe portion, inferior part",,,,,,,,,
VePim,,,,,,,,,,,molecular layer of VePi,,,,,,,,
VePip,,,,,,,,,,,Purkinje cell layer of VePi,,,,,,,,
VePig,,,,,,,,,,,granular cell layer of VePi,,,,,,,,
VeF,,,,,,,,,"vermis, flocculonodular lobe portion (nodulus)",,,,,,,,,,
VeFm,,,,,,,,,,molecular layer of VeF,,,,,,,,,
VeFp,,,,,,,,,,Purkinje cell layer of VeF,,,,,,,,,
VeFg,,,,,,,,,,granular cell layer of VeF,,,,,,,,,
CBH,,,,,,,,cerebellar hemisphere,,,,,,,,,,,
CBPV,,,,,,,,,"paravermis of cerebellum (layers 1, 2, 3)",,,,,,,,,,
PVA,,,,,,,,,,"paravermis, anterior lobe portion",,,,,,,,,
PVAm,,,,,,,,,,,molecular layer of PVA,,,,,,,,
PVAp,,,,,,,,,,,Purkinje cell layer of PVA,,,,,,,,
PVAg,,,,,,,,,,,granular cell layer of PVA,,,,,,,,
PVP,,,,,,,,,,"paravermis, posterior lobe portion",,,,,,,,,
PVPs,,,,,,,,,,,"paravermis, posterior lobe portion, superior part",,,,,,,,
PVPsm,,,,,,,,,,,,molecular layer of PVPs,,,,,,,
PVPsp,,,,,,,,,,,,Purkinje cell layer of PVPs,,,,,,,
PVPsg,,,,,,,,,,,,granular cell layer of PVPs,,,,,,,
PVPi,,,,,,,,,,,"paravermis, posterior lobe portion, inferior part",,,,,,,,
PVPim,,,,,,,,,,,,molecular layer of PVPi,,,,,,,
PVPip,,,,,,,,,,,,Purkinje cell layer of PVPi,,,,,,,
PVPig,,,,,,,,,,,,granular cell layer of PVPi,,,,,,,
PVF,,,,,,,,,,"paravermis, flocculonodular lobe portion",,,,,,,,,
PVFm,,,,,,,,,,,molecular layer of PVF,,,,,,,,
PVFp,,,,,,,,,,,Purkinje cell layer of PVF,,,,,,,,
PVFg,,,,,,,,,,,granular cell layer of PVF,,,,,,,,
CBL,,,,,,,,,"lateral hemisphere of cerebellum (layers 1, 2, 3)",,,,,,,,,,
CBLA,,,,,,,,,,"lateral hemisphere, anterior lobe portion",,,,,,,,,
CBLAm,,,,,,,,,,,molecular layer of CBLA,,,,,,,,
CBLAp,,,,,,,,,,,Purkinje cell layer of CBLA,,,,,,,,
CBLAg,,,,,,,,,,,granular cell layer of CBLA,,,,,,,,
CBLP,,,,,,,,,,"lateral hemisphere, posterior lobe portion",,,,,,,,,
CBLPs,,,,,,,,,,,"lateral hemisphere, posterior lobe portion, superior part",,,,,,,,
CBLPsm,,,,,,,,,,,,molecular layer of CBLPs,,,,,,,
CBLPsp,,,,,,,,,,,,Purkinje cell layer of CBLPs,,,,,,,
CBLPsg,,,,,,,,,,,,granular cell layer of CBLPs,,,,,,,
CBLPi,,,,,,,,,,,"lateral hemisphere, posterior lobe portion, inferior part",,,,,,,,
CBLPim,,,,,,,,,,,,molecular layer of CBLPi,,,,,,,
CBLPip,,,,,,,,,,,,Purkinje cell layer of CBLPi,,,,,,,
CBLPig,,,,,,,,,,,,granular cell layer of CBLPi,,,,,,,
CBLF,,,,,,,,,,"lateral hemisphere, flocculonodular lobe portion",,,,,,,,,
CBLFm,,,,,,,,,,,molecular layer of CBLF,,,,,,,,
CBLFp,,,,,,,,,,,Purkinje cell layer of CBLF,,,,,,,,
CBLFg,,,,,,,,,,,granular cell layer of CBLF,,,,,,,,
CbDN,,,,,,,cerebellar deep nuclei,,,,,,,,,,,,
DT,,,,,,,,dentate (lateral) nucleus,,,,,,,,,,,
DTlv,,,,,,,,,"dentate nucleus, lateroventral part",,,,,,,,,,
DTmd,,,,,,,,,"dentate nucleus, mediodorsal part",,,,,,,,,,
InP,,,,,,,,interpositus (intermediate) nucleus,,,,,,,,,,,
InPM,,,,,,,,,medial interpositus (globose) nucleus,,,,,,,,,,
InPL,,,,,,,,,lateral interpositus (emboliform) nucleus,,,,,,,,,,
Fas,,,,,,,,fastigial (medial) nucleus,,,,,,,,,,,
FasL,,,,,,,,,"fastigial nucleus, lateral part",,,,,,,,,,
FasM,,,,,,,,,"fastigial nucleus, medial part",,,,,,,,,,
BIcb,,,,,,,,basal interstitial nucleus of cerebellum,,,,,,,,,,,
Pn,,,,,,pons,,,,,,,,,,,,,
PnBa,,,,,,,basilar part of pons,,,,,,,,,,,,
PN,,,,,,,,pontine nucleus,,,,,,,,,,,
PNd,,,,,,,,,dorsal nucleus,,,,,,,,,,
PNdl,,,,,,,,,dorsolateral nucleus,,,,,,,,,,
PNdm,,,,,,,,,dorsomedial nucleus,,,,,,,,,,
PNl,,,,,,,,,lateral nucleus,,,,,,,,,,
PNm,,,,,,,,,median nucleus,,,,,,,,,,
PNpar,,,,,,,,,paramedian nucleus,,,,,,,,,,
PNped,,,,,,,,,peduncular nucleus,,,,,,,,,,
RTg,,,,,,,,,reticulotegmental nucleus,,,,,,,,,,
PnTg,,,,,,,pontine tegmentum,,,,,,,,,,,,
PnEN,,,,,,,,efferent nuclei of cranial nerves in pons,,,,,,,,,,,
6N,,,,,,,,,abducens nucleus,,,,,,,,,,
Acs7,,,,,,,,,accessory facial nucleus,,,,,,,,,,
7N,,,,,,,,,facial nucleus,,,,,,,,,,
7D,,,,,,,,,,"facial nucleus, dorsal subnucleus",,,,,,,,,
7VI,,,,,,,,,,"facial nucleus, ventrointermediate subnucleus",,,,,,,,,
7VM,,,,,,,,,,"facial nucleus, ventromedial subnucleus",,,,,,,,,
7SH,,,,,,,,,,"facial nucleus,stylohyoid part",,,,,,,,,
7VL,,,,,,,,,,"facial nucleus, ventrolateral subnucleus",,,,,,,,,
Lac,,,,,,,,,lacrimal nucleus,,,,,,,,,,
Mo5,,,,,,,,,motor nucleus of trigeminal nerve,,,,,,,,,,
Mo5lpt,,,,,,,,,,"motor nucleus of trigeminal nerve, lateral pterygoid part",,,,,,,,,
Mo5ma,,,,,,,,,,"motor nucleus of trigeminal nerve, masseter part",,,,,,,,,
Mo5mpt,,,,,,,,,,"motor nucleus of trigeminal nerve, medial pterygoid part",,,,,,,,,
Mo5my,,,,,,,,,,"motor nucleus of trigeminal nerve, mylohyoid part",,,,,,,,,
Mo5te,,,,,,,,,,"motor nucleus of trigeminal nerve, temporalis part",,,,,,,,,
SuSV,,,,,,,,,superior salivatory nucleus,,,,,,,,,,
PnAN,,,,,,,,afferent nuclei of cranial nerves in pons,,,,,,,,,,,
8Co,,,,,,,,,cochlear nuclei,,,,,,,,,,
DCo,,,,,,,,,,dorsal cochlear nucleus,,,,,,,,,
GrCo,,,,,,,,,,granular cell layer of cochlear nuclei,,,,,,,,,
VCo,,,,,,,,,,ventral cochlear nucleus,,,,,,,,,
VCoR,,,,,,,,,,,"ventral cochlear nucleus, rostral part",,,,,,,,
VCoC,,,,,,,,,,,"ventral cochlear nucleus, caudal part",,,,,,,,
Me5-p,,,,,,,,,"mesencephalic nucleus of trigeminal nerve, pontine part",,,,,,,,,,
Pr5,,,,,,,,,principal sensory nucleus of trigeminal nerve,,,,,,,,,,
Pr5dm,,,,,,,,,,dorsomedial nucleus of Pr5,,,,,,,,,
Pr5vl,,,,,,,,,,ventrolateral nucleus of Pr5,,,,,,,,,
Sp5o,,,,,,,,,"spinal nucleus of trigeminal nerve, oral subnucleus",,,,,,,,,,
8Ve-p,,,,,,,,,vestibular nuclei in pons,,,,,,,,,,
LVe,,,,,,,,,,lateral vestibular nucleus,,,,,,,,,
LVeMC,,,,,,,,,,,"lateral vestibular nucleus, magnocellular part",,,,,,,,
LVePC,,,,,,,,,,,"lateral vestibular nucleus, parvicellular part",,,,,,,,
SuVe,,,,,,,,,,superior vestibular nucleus,,,,,,,,,
VTg,,,,,,,,ventral tegmental nucleus,,,,,,,,,,,
VTgR,,,,,,,,,"ventral tegmental nucleus, rostral extension",,,,,,,,,,
VTgI,,,,,,,,,"ventral tegmental nucleus, infrafascicular part",,,,,,,,,,
VTgP,,,,,,,,,"ventral tegmental nucleus, principal part",,,,,,,,,,
VTgS,,,,,,,,,"ventral tegmental nucleus, suprafascicular part",,,,,,,,,,
PnAR,,,,,,,,auditory relay nuclei in pons,,,,,,,,,,,
LLN,,,,,,,,,nuclei of lateral lemniscus,,,,,,,,,,
DLL,,,,,,,,,,dorsal nucleus of lateral lemniscus,,,,,,,,,
ILL,,,,,,,,,,intermediate nucleus of lateral lemniscus,,,,,,,,,
VLL,,,,,,,,,,ventral nucleus of lateral lemniscus,,,,,,,,,
TrZ,,,,,,,,,nucleus of trapezoid body,,,,,,,,,,
TrZl,,,,,,,,,,lateral nucleus of trapezoid body,,,,,,,,,
TrZm,,,,,,,,,,medial nucleus of trapezoid body,,,,,,,,,
TrZv,,,,,,,,,,ventral nucleus of trapezoid body,,,,,,,,,
SOC,,,,,,,,,superior olivary complex,,,,,,,,,,
POI,,,,,,,,,,periolivary nuclei,,,,,,,,,
LPOI,,,,,,,,,,,lateral periolivary nucleus,,,,,,,,
MPOI,,,,,,,,,,,medial periolivary nucleus,,,,,,,,
RO,,,,,,,,,,retro-olivary cell group,,,,,,,,,
SOI,,,,,,,,,,superior olivary nucleus,,,,,,,,,
LSO,,,,,,,,,,,lateral superior olivary nucleus,,,,,,,,
MSO,,,,,,,,,,,medial superior olive,,,,,,,,
SPO,,,,,,,,,,superior paraolivary nucleus,,,,,,,,,
PrO,,,,,,,,,preolivary nucleus,,,,,,,,,,
PnRa,,,,,,,,raphe pontis nucleus,,,,,,,,,,,
DR-p,,,,,,,,,dorsal raphe nucleus,,,,,,,,,,
MnR-p,,,,,,,,,median raphe nucleus,,,,,,,,,,
PMnRt,,,,,,,,,"paramedian raphe nucleus, reticular part",,,,,,,,,,
PRn,,,,,,,,,raphe pontis nucleus,,,,,,,,,,
RIP,,,,,,,,,raphe interpositus nucleus,,,,,,,,,,
PnRF,,,,,,,,Pontine reticular formation,,,,,,,,,,,
PB,,,,,,,,,parabrachial nuclei,,,,,,,,,,
LPB,,,,,,,,,,lateral parabrachial nucleus,,,,,,,,,
LPBc,,,,,,,,,,,"lateral parabrachial nucleus, central part",,,,,,,,
LPBd,,,,,,,,,,,"lateral parabrachial nucleus, dorsal part",,,,,,,,
LPBe,,,,,,,,,,,"lateral parabrachial nucleus, external part",,,,,,,,
LPBs,,,,,,,,,,,"lateral parabrachial nucleus, superior part",,,,,,,,
MPB,,,,,,,,,,medial parabrachial nucleus,,,,,,,,,
MPBe,,,,,,,,,,,"medial parabrachial nucleus, external part",,,,,,,,
MPBm,,,,,,,,,,,"medial parabrachial nucleus, medial part",,,,,,,,
SPP,,,,,,,,,,subpeduncular pigmented nucleus,,,,,,,,,
SPB,,,,,,,,,,subparabrachial nucleus,,,,,,,,,
PnRt,,,,,,,,,reticular nuclei of pons,,,,,,,,,,
PnC,,,,,,,,,,"pontine reticular nucleus, caudal part",,,,,,,,,
PnO,,,,,,,,,,"pontine reticular nucleus, oral part",,,,,,,,,
PLN,,,,,,,,,,paralemniscal nucleus,,,,,,,,,
PMn,,,,,,,,,,paramedian reticular nucleus,,,,,,,,,
RtTg,,,,,,,,,,reticulotegmental nucleus,,,,,,,,,
RtTgD,,,,,,,,,,"reticulotegmental nucleus, dorsal part",,,,,,,,,
PnNA,,,,,,,,group of noradrenergic neurons in pons,,,,,,,,,,,
NC,,,,,,,,,nucleus coeruleus,,,,,,,,,,
SubC,,,,,,,,,subcoeruleus nucleus,,,,,,,,,,
SubCd,,,,,,,,,,"subcoeruleus nucleus, dorsal part",,,,,,,,,
SubCv,,,,,,,,,,"subcoeruleus nucleus, ventral part",,,,,,,,,
XPnTg,,,,,,,,other nuclei in pontine tegmentum,,,,,,,,,,,
Acs5,,,,,,,,,accessory trigeminal nucleus,,,,,,,,,,
AInS,,,,,,,,,alar interstitial nucleus,,,,,,,,,,
B9,,,,,,,,,B9 serotonin cells,,,,,,,,,,
Bar,,,,,,,,,Barrington's nucleus,,,,,,,,,,
PnCG,,,,,,,,,central gray of pons,,,,,,,,,,
CAT,,,,,,,,,central nucleus of acoustic tract,,,,,,,,,,
DTg,,,,,,,,,dorsal tegmental nucleus,,,,,,,,,,
DTgC,,,,,,,,,,"dorsal tegmental nucleus, central part",,,,,,,,,
DTgP,,,,,,,,,,"dorsal tegmental nucleus, pericentral part",,,,,,,,,
DMTg,,,,,,,,,dorsomedial tegmental area,,,,,,,,,,
PnE,,,,,,,,,ependyma and subependymal layers of pons,,,,,,,,,,
EpC,,,,,,,,,epicoeruleus nucleus,,,,,,,,,,
PnG,,,,,,,,,pontine gamma nucleus,,,,,,,,,,
IIMLF,,,,,,,,,intermediate interstitial nucleus of medial longitudinal fasciculus,,,,,,,,,,
IMLF,,,,,,,,,interstitial nucleus of medial longitudinal fasciculus,,,,,,,,,,
I5,,,,,,,,,intertrigeminal nucleus,,,,,,,,,,
JxO,,,,,,,,,juxtaolivary nucleus,,,,,,,,,,
KF,,,,,,,,,Koelliker-Fuse nucleus,,,,,,,,,,
LDTg,,,,,,,,,laterodorsal tegmental nucleus,,,,,,,,,,
LDTgD,,,,,,,,,,"laterodorsal tegmental nucleus, dorsal part",,,,,,,,,
LDTgV,,,,,,,,,,"laterodorsal tegmental nucleus, ventral part",,,,,,,,,
NI,,,,,,,,,nucleus incertus,,,,,,,,,,
K,,,,,,,,,nucleus K,,,,,,,,,,
L,,,,,,,,,nucleus L,,,,,,,,,,
Pa6,,,,,,,,,paraabducens nucleus,,,,,,,,,,
PCuN,,,,,,,,,pericuneate nuclei,,,,,,,,,,
LPCu,,,,,,,,,,lateral pericuneate nucleus,,,,,,,,,
MPCu,,,,,,,,,,medial pericuneate nucleus,,,,,,,,,
PF7,,,,,,,,,perifacial zone,,,,,,,,,,
PnBi,,,,,,,,,"pontobulbar nucleus, inferior part",,,,,,,,,,
P5,,,,,,,,,peritrigeminal zone,,,,,,,,,,
R7,,,,,,,,,retrofacial nucleus,,,,,,,,,,
RTz,,,,,,,,,retrotrapezoid nucleus,,,,,,,,,,
5N,,,,,,,,,trigeminal nuclei,,,,,,,,,,
VLTg,,,,,,,,,ventrolateral tegmental nucleus,,,,,,,,,,
SGe,,,,,,,,,supragenual nucleus,,,,,,,,,,
Mo,,,,,myelencephalon (medulla oblongata),,,,,,,,,,,,,,
MoPy,,,,,,pyramidal part of medulla oblongata,,,,,,,,,,,,,
Ar,,,,,,,arcuate nucleus of medulla oblongata,,,,,,,,,,,,
Ct,,,,,,,conterminal nucleus,,,,,,,,,,,,
MoTg,,,,,,tegmentum of medulla oblongata,,,,,,,,,,,,,
MoEN,,,,,,,efferent nuclei of cranial nerves in the medulla oblongata,,,,,,,,,,,,
Amb,,,,,,,,ambiguus nucleus,,,,,,,,,,,
AmbC,,,,,,,,,"ambiguus nucleus, compact part",,,,,,,,,,
AmbL,,,,,,,,,"ambiguus nucleus, loose part",,,,,,,,,,
AmbSC,,,,,,,,,"ambiguus nucleus, semicompact part",,,,,,,,,,
12N,,,,,,,,hypoglossal nucleus,,,,,,,,,,,
12GH,,,,,,,,,"hypoglossal nucleus, geniohyoid part",,,,,,,,,,
12L,,,,,,,,,"hypoglossal nucleus, lateral part",,,,,,,,,,
12M,,,,,,,,,"hypoglossal nucleus, medial part",,,,,,,,,,
12V,,,,,,,,,"hypoglossal nucleus, ventral part",,,,,,,,,,
InSV,,,,,,,,inferior salivatory nucleus,,,,,,,,,,,
10N,,,,,,,,dorsal motor nucleus of the vagus (vagal nucleus),,,,,,,,,,,
10CaI,,,,,,,,,"dorsal motor nucleus of vagus, caudointermediate part",,,,,,,,,,
10CeI,,,,,,,,,"dorsal motor nucleus of vagus, centrointermediate part",,,,,,,,,,
10DI,,,,,,,,,"dorsal motor nucleus of vagus, dorsointermediate part",,,,,,,,,,
10DR,,,,,,,,,"dorsal motor nucleus of vagus, dorsorostral part",,,,,,,,,,
10F,,,,,,,,,"dorsal motor nucleus of vagus, medial fringe",,,,,,,,,,
10VI,,,,,,,,,"dorsal motor nucleus of vagus, ventrointermediate part",,,,,,,,,,
10VR,,,,,,,,,"dorsal motor nucleus of the vagus, ventrorostral part",,,,,,,,,,
MoAN,,,,,,,afferent nuclei of cranial nerves in medulla oblongata,,,,,,,,,,,,
Sol,,,,,,,,solitary nucleus,,,,,,,,,,,
SolC,,,,,,,,,"solitary nucleus, commissural part",,,,,,,,,,
SolD,,,,,,,,,"solitary nucleus, dorsal part",,,,,,,,,,
SolDL,,,,,,,,,"solitary nucleus, dorsolateral part",,,,,,,,,,
SolG,,,,,,,,,"solitary nucleus, gelatinous part",,,,,,,,,,
SolIM,,,,,,,,,"solitary nucleus, intermediate part",,,,,,,,,,
SolI,,,,,,,,,"solitary nucleus, interstitial part",,,,,,,,,,
SolM,,,,,,,,,"solitary nucleus, medial part",,,,,,,,,,
SolPaC,,,,,,,,,"solitary nucleus, paracommissural part",,,,,,,,,,
SolV,,,,,,,,,"solitary nucleus, ventral part",,,,,,,,,,
SolVL,,,,,,,,,"solitary nucleus, ventrolateral part",,,,,,,,,,
SSol,,,,,,,,,subsolitary nucleus,,,,,,,,,,
PSol,,,,,,,,,parasolitary nucleus,,,,,,,,,,
Sp5,,,,,,,,spinal trigeminal nucleus,,,,,,,,,,,
Sp5C,,,,,,,,,"spinal trigeminal nucleus, caudal part",,,,,,,,,,
DM5,,,,,,,,,dorsomedial spinal trigeminal nucleus,,,,,,,,,,
Sp5ip,,,,,,,,,"spinal trigeminal nucleus, interpolar part",,,,,,,,,,
8Ve,,,,,,,,vestibular nuclei in medulla,,,,,,,,,,,
I8,,,,,,,,,interstial nucleus of the vestibulocochlear nerve,,,,,,,,,,
MVe,,,,,,,,,medial vestibular nucleus,,,,,,,,,,
MVeMC,,,,,,,,,,"medial vestibular nucleus, magnocellular part",,,,,,,,,
MVePC,,,,,,,,,,"medial vestibular nucleus, parvicellular part",,,,,,,,,
EVe,,,,,,,,,nucleus of origin of vestibular efferents of vestibular nerve,,,,,,,,,,
SpVe,,,,,,,,,spinal (inferior) vestibular nucleus,,,,,,,,,,
PaVe,,,,,,,,,paravestibular nucleus,,,,,,,,,,
MoSR,,,,,,,sensory relay nuclei in medulla oblongata,,,,,,,,,,,,
ECu,,,,,,,,external (accessory/lateral) cuneate nucleus,,,,,,,,,,,
Cu,,,,,,,,cuneate nucleus,,,,,,,,,,,
CuR,,,,,,,,,"cuneate nucleus, rotundus part",,,,,,,,,,
CuT,,,,,,,,,"cuneate nucleus, triangular part",,,,,,,,,,
Gr,,,,,,,,gracile nucleus,,,,,,,,,,,
GrC,,,,,,,,,"gracile nucleus, central part",,,,,,,,,,
GrR,,,,,,,,,"gracile nucleus, rostral part (shell)",,,,,,,,,,
PrCbN,,,,,,,precerebellar nuclei,,,,,,,,,,,,
Crb,,,,,,,,cribriform nucleus,,,,,,,,,,,
DPMn,,,,,,,,dorsal paramedian nucleus,,,,,,,,,,,
CDPMn,,,,,,,,,caudal dorsal paramedian nucleus,,,,,,,,,,
ODPMn,,,,,,,,,rostral (oral) dorsal paramedian nucleus,,,,,,,,,,
IO,,,,,,,,inferior olive,,,,,,,,,,,
IODM,,,,,,,,,"inferior olive, dorsomedial cell group",,,,,,,,,,
IOBe,,,,,,,,,"inferior olive, beta nucleus",,,,,,,,,,
IOD,,,,,,,,,"inferior olive, dorsal nucleus",,,,,,,,,,
IODC,,,,,,,,,"inferior olive, dorsal nucleus, caudal part",,,,,,,,,,
IOM,,,,,,,,,"inferior olive, medial nucleus",,,,,,,,,,
IOK,,,,,,,,,,Cap of Kooy of medial nucleus,,,,,,,,,
IOA,,,,,,,,,,subnucleus A of medial nucleus,,,,,,,,,
IOB,,,,,,,,,,subnucleus B of medial nucleus,,,,,,,,,
IOC,,,,,,,,,,subnucleus C of medial nucleus,,,,,,,,,
IOPr,,,,,,,,,"inferior olive, principal nucleus",,,,,,,,,,
IOVL,,,,,,,,,ventrolateral outgrowth of inferior olive,,,,,,,,,,
InM,,,,,,,,intercalated nucleus of medulla,,,,,,,,,,,
IPo,,,,,,,,interpositus nucleus,,,,,,,,,,,
PnbN,,,,,,,,pontobulbar nucleus,,,,,,,,,,,
PrH,,,,,,,,prepositus hypoglossal nucleus,,,,,,,,,,,
MoRF,,,,,,,medullary reticular formation,,,,,,,,,,,,
DRt,,,,,,,,dorsal reticular nucleus,,,,,,,,,,,
IRt,,,,,,,,intermediate reticular nucleus,,,,,,,,,,,
CVL,,,,,,,,,caudoventrolateral reticular nucleus,,,,,,,,,,
NA/A,,,,,,,,,noradrenaline/adrenaline cell group 1,,,,,,,,,,
RVRG,,,,,,,,,rostral ventral respiratory cell group,,,,,,,,,,
RVL,,,,,,,,,rostroventrolateral reticular nucleus of hindbrain,,,,,,,,,,
GiRt,,,,,,,,gigantocellular reticular nuclei,,,,,,,,,,,
GiRtA,,,,,,,,,alpha gigantocellular reticular nucleus,,,,,,,,,,
LPGi,,,,,,,,,lateral paragigantocellular nucleus,,,,,,,,,,
PGi,,,,,,,,,paragigantocellular nucleus,,,,,,,,,,
APGi,,,,,,,,,,alpha part of paragigantocellular nucleus,,,,,,,,,
DPGi,,,,,,,,,,dorsal paragigantocellular nucleus,,,,,,,,,
GiRtV,,,,,,,,,ventral gigantocellular reticular nucleus,,,,,,,,,,
LMRt,,,,,,,,lateral reticular nuclei,,,,,,,,,,,
LRt,,,,,,,,,lateral reticular nucleus (principal part),,,,,,,,,,
LRtMC,,,,,,,,,,"lateral reticular nucleus, magnocellular part",,,,,,,,,
LRtPC,,,,,,,,,,"lateral reticular nucleus, parvicellular part",,,,,,,,,
LRtS5,,,,,,,,,,"lateral reticular nucleus, subtrigeminal part",,,,,,,,,
Li,,,,,,,,linear nucleus of hindbrain,,,,,,,,,,,
MdD,,,,,,,,"medullary reticular nucleus, dorsal part (ventral reticular nucleus)",,,,,,,,,,,
MdV,,,,,,,,"medullary reticular nucleus, ventral part (medial reticular nucleus)",,,,,,,,,,,
PCRt,,,,,,,,parvicellular reticular nucleus,,,,,,,,,,,
PCRtA,,,,,,,,,alpha division of parvicellular reticular nucleus,,,,,,,,,,
MoRa,,,,,,,raphe nuclei in medulla oblongata,,,,,,,,,,,,
RMg,,,,,,,,raphe magnus nucleus,,,,,,,,,,,
ROb,,,,,,,,raphe obscurus nucleus,,,,,,,,,,,
RPa,,,,,,,,raphe pallidus nucleus,,,,,,,,,,,
NPRa,,,,,,,,nucleus pararaphales,,,,,,,,,,,
XMoTg,,,,,,,other nuclei in medullary tegmentum,,,,,,,,,,,,
Au,,,,,,,,austral nucleus,,,,,,,,,,,
BI,,,,,,,,basal interstitial nucleus,,,,,,,,,,,
Bo,,,,,,,,Bötzinger complex,,,,,,,,,,,
CGL,,,,,,,,central glial substance,,,,,,,,,,,
MoCG,,,,,,,,central gray of medulla oblongata,,,,,,,,,,,
DPO,,,,,,,,dorsal periolivary nucleus,,,,,,,,,,,
MoE,,,,,,,,ependyma and subependymal layers of the medulla,,,,,,,,,,,
EL,,,,,,,,endolemniscal nucleus,,,,,,,,,,,
EF,,,,,,,,epifascicular nucleus,,,,,,,,,,,
IF12,,,,,,,,interfascicular hypoglossal nucleus,,,,,,,,,,,
IB,,,,,,,,internal basal nucleus,,,,,,,,,,,
Nt,,,,,,,,notocuneate nucleus,,,,,,,,,,,
Z,,,,,,,,nucleus Z (posterodorsal subnucleus),,,,,,,,,,,
Y,,,,,,,,nucleus Y,,,,,,,,,,,
X,,,,,,,,nucleus X (preaccessory cuneate nucleus),,,,,,,,,,,
Ro,,,,,,,,nucleus of Roller,,,,,,,,,,,
Pa5,,,,,,,,paratrigeminal nucleus,,,,,,,,,,,
PeCu,,,,,,,,pericuneate nucleus,,,,,,,,,,,
Pe5,,,,,,,,peritrigeminal nucleus,,,,,,,,,,,
PrBo,,,,,,,,pre-Bötzinger complex,,,,,,,,,,,
RAmb,,,,,,,,retroambiguus nucleus,,,,,,,,,,,
SSp,,,,,,,,spinal accessory (supraspinal) nucleus,,,,,,,,,,,
SuL,,,,,,,,supralemniscal nucleus,,,,,,,,,,,
HWM,,,,white matter of hindbrain,,,,,,,,,,,,,,,
HV,,,,ventricles of hindbrain,,,,,,,,,,,,,,,
HSS,,,,surface structures of hindbrain,,,,,,,,,,,,,,,
SpC,,spinal cord,,,,,,,,,,,,,,,,,
SGM,,,gray matter of spinal cord (cervical),,,,,,,,,,,,,,,,
SpI,,,,laminar I of spinal cord,,,,,,,,,,,,,,,
SpII,,,,laminar II of spinal cord,,,,,,,,,,,,,,,
SpIII-IV,,,,laminar III and IV of spinal cord,,,,,,,,,,,,,,,
SpV-VI,,,,laminar V and VI of spinal cord,,,,,,,,,,,,,,,
SpVII,,,,laminar VII of spinal cord,,,,,,,,,,,,,,,
CeCv,,,,,central cervical nucleus of spinal cord,,,,,,,,,,,,,,
SpVIII,,,,laminar VIII of spinal cord,,,,,,,,,,,,,,,
SpIX,,,,laminar IX of spinal cord,,,,,,,,,,,,,,,
SpX,,,,laminar X of spinal cord,,,,,,,,,,,,,,,
SWM,,,white matter of spinal cord,,,,,,,,,,,,,,,,
dfs,,,,dorsal fasciculus of spinal cord,,,,,,,,,,,,,,,
lfs,,,,lateral fasciculus of spinal cord,,,,,,,,,,,,,,,
polt,,,,posterior lateral tract of spinal cord,,,,,,,,,,,,,,,
vfs,,,,ventral fasciculus of spinal cord,,,,,,,,,,,,,,,
SV,,,ventricle of spinal cord,,,,,,,,,,,,,,,,
cces,,,,central canal and ependyma of spinal cord,,,,,,,,,,,,,,,
SSS,,,surface structures of spinal cord,,,,,,,,,,,,,,,,
rsn,,,,roots of spinal nerves,,,,,,,,,,,,,,,
vmss,,,,ventral (anterior) median spinal sulcus,,,,,,,,,,,,,,,
,,,,,,,,,,,,,,,,,,,